user_name,song_name,listened_on
NichoBI,by everyone,2019-01-01 15:12:39
Bezvezenator,reboot,2019-01-03 06:51:27
andrew_j_w,satellites,2019-01-01 11:05:10
dgdr.au,from hank to hendrix,2019-03-14 10:16:23
Somasis,balls and pins,2019-01-14 04:24:36
haeckle,late autumn,2019-01-02 11:22:50
haeckle,late autumn,2019-01-02 11:22:50
kingkool68,"heat speakers (feat. celph titled, esoteric, louis logic & apathy)",2019-01-01 02:26:14
c1ph4,output,2019-01-03 19:31:45
toastal,breakerfall,2019-01-01 09:27:23
toastal,breakerfall,2019-01-01 09:27:23
hds,love within beauty,2019-03-16 07:18:49
kol,the man with the red face,2019-01-01 01:28:48
joshuatly,after,2019-01-02 09:28:07
Arcor,antiphon: que est ista,2019-01-03 00:26:04
BiamBioum,beirut (14.12.16 - live in paris),2019-01-07 13:56:07
amit94302,yeh dosti hum nahin (sad),2019-01-01 10:59:32
beefkidney,fm,2019-01-02 12:24:18
pbm367,not a damn thing changed,2019-01-07 15:31:21
Kurogal,the battle is to the strong,2019-01-01 22:40:48
longas,фильм 2018,2019-01-02 10:22:41
dwsupport,no tears left to cry,2019-01-01 12:33:22
craighoog,waterwings (and other pool side fashion faux pas),2019-01-03 19:56:44
demize,the end,2019-01-01 19:37:30
pyromaniac,the sound of silence,2019-01-02 02:11:59
kemuel,diamonds,2019-03-19 13:16:52
lemarac,people in the city,2019-01-07 14:02:28
fourk,blood in the cut,2019-01-03 07:46:56
Shunpike,summer solstice,2019-01-04 17:36:09
shaneknysh,waking gods - part 3,2019-01-01 09:38:12
swfloridadude,bonus tracks: eskimo & icebird mega mix,2019-01-01 21:29:29
johnatanmoran,not equal (sklt slktr prod.),2019-03-10 16:28:29
augustohp,thrasher,2019-01-02 00:38:16
Leonivek,crystallized,2019-01-01 00:02:42
bemeurer,adult diversion,2019-01-10 10:49:34
kmontenegro,work,2019-01-01 00:12:23
Roy Page Join Damage,#killstream: new year's eve + the top ten moments of 2018,2019-01-01 05:32:26
Canis_L_Sapien,wolves,2019-01-03 08:39:29
inhji,cthulhu,2019-01-01 00:24:08
Silent Singer,mr. tillman,2019-01-01 03:08:22
WilhelmStroker,trotting hamutaro,2019-01-02 12:20:16
doronbehar,april in paris,2019-01-06 07:16:03
xokoyotzin,first time,2019-01-01 00:50:56
Cl�psHydra,"dreimal tausend jahre, op. 50 a",2019-01-01 13:19:30
malsvent,#magicvlgirl_trvp_b3vtz(extended ver.) [neon／twerkcore],2019-01-01 08:38:47
thesebas,on the run,2019-01-01 19:12:17
boozerok,bad boy for life,2019-04-12 14:29:51
reverbel,revolution 1,2019-01-01 01:14:51
m0rth0n,thru the void,2019-04-12 22:01:49
6d6f7274686f6e,shittyfluted,2019-01-01 10:42:49
anderson9339,since i've been loving you,2019-01-01 00:16:07
Grawl,if i get high,2019-01-01 16:36:25
rweb,disco yes,2019-01-01 00:03:08
smreker,slow dances,2019-04-13 08:01:58
mankymusic,lemniscaat: refrain,2019-01-01 02:08:44
Luis2oh9,experience the challenge,2019-04-13 09:40:25
SchallundRauch,you couldn't see this coming,2019-04-13 15:09:41
puigmald,heroes,2019-01-14 00:24:11
welldread,arizona,2019-01-31 09:28:59
BornabeWylde,wow.,2019-04-14 14:03:34
jin_tsu,maria da vila matilde,2019-01-01 19:58:59
no31531,version of me,2019-01-01 12:38:32
gwmaclean,temple of the red-eyed pigs,2019-02-25 12:44:50
davenportm,wild horses - acoustic,2019-01-01 01:48:32
ukko12,move on up - single version,2019-01-01 10:04:02
stupidname,so you wannabe an outlaw,2019-01-01 14:18:07
hangy,masters of the world,2019-01-02 10:50:21
Reisen Udongein Inaba,砂のこども,2019-01-01 17:07:00
isuguitar12,traveling on,2019-01-02 17:10:34
Adsky_traktor,сердце с долгом разлучается,2019-01-01 09:24:44
marcianofonseca,switch,2019-01-21 20:36:01
stormruben,друг (ч.2),2019-01-01 21:38:23
Bound2Fate,b.b.r.,2019-01-01 00:48:43
nitemice,phoenix wright ~ objection!,2019-01-04 08:06:13
AllSparks,in cold blood,2019-01-02 08:51:47
budkin,rust,2019-01-01 09:34:55
N1CK3Y,namaste,2019-01-01 00:05:04
hamakedarayanai,i can't sleep,2019-01-01 01:36:43
RomaKoks,про красивую жизнь,2019-01-01 00:03:08
jelera,alive,2019-01-02 18:36:35
themono,white christmas,2019-01-04 09:01:17
aka_caim,joy of a toy continued,2019-01-02 16:55:51
yellams,king of anything,2019-01-04 13:05:02
chacawaca,i've got a dark alley and a bad idea that says you should shut your mouth (summer song),2019-02-17 15:14:53
tehpoison,в холодном просторе,2019-02-18 04:45:35
Kluuz,talktalk,2019-02-17 03:04:24
chime95,the count of tuscany,2019-02-17 12:16:23
linkmath,"taki taki (part. selena gomez, ozuna e cardi b)",2019-01-16 22:28:10
AlwinHummels,geef me je angst,2019-02-24 11:40:47
Julk77,pretty little fucker,2019-02-17 13:16:51
phdnk,payphone,2019-01-02 12:34:08
nicholasbird,down in the park,2019-02-17 20:16:53
Starjames77,see the sun (feat. sir j),2019-02-18 03:07:34
slideyfoot,two out of three ain't bad (pcm stereo),2019-01-07 16:09:14
plaxxx,jekyll and hyde,2019-02-18 08:08:10
TyberZ52,good time,2019-01-01 05:35:24
naesk,running to the sea,2019-01-02 16:52:33
nsarakas,heart is king,2019-02-18 23:55:07
tozapid,три дороги,2019-02-18 15:23:13
satanshunger,fio de prumo: padê onã,2019-01-01 16:43:06
thewabbit1,safari song,2019-02-18 21:13:10
lcnaud,hologram lover,2019-01-01 14:21:22
YOGURTBASTARD,duchess,2019-01-01 02:27:17
calvariometal,jessica - 1/16/1982 - university of florida bandshell,2019-02-22 03:25:43
jaycedk,death or glory,2019-02-28 08:12:43
clinford86,"you've got a friend in me - from ""toy story""/duet",2019-01-03 06:45:57
drakesteele,rose,2019-02-18 19:53:33
rmarais,ultranipel (intersys remix),2019-02-20 04:38:33
JuicyP,rainbow flower,2019-02-18 15:14:12
Cooked_Bread,all these things i hate (revolve around me),2019-02-14 03:07:36
jd_,lighthouse,2019-01-02 05:43:56
Matt0721,ok!,2019-02-20 01:34:19
minkolazer,empty stocking blues,2019-01-01 10:53:01
adamstewiegreen,"violin sonata no. 4 in c minor, bwv 1017: ii. allegro",2019-02-20 23:10:11
lunu,sea groove,2019-02-20 12:30:58
gondoi,maple adventure,2019-01-09 22:00:24
phamosus,who knew,2019-02-20 18:15:02
Xythium,starcrash,2019-03-31 19:58:25
unexpected,bubblin,2019-02-27 04:36:55
bdule2015,a viagem,2019-02-20 20:07:54
gifflen,...of your fake dimension,2019-02-20 20:36:55
xvicarious,honky tonkin' in my blood,2019-01-02 02:45:16
irnchkn,161: christmas drinks with dan lloyd,2019-01-01 09:09:25
PersonalServices,bass line,2019-02-20 22:08:34
paxactor,doom and gloom,2019-02-21 00:27:23
Devvy,fallen demon,2019-02-22 01:10:56
milk,mind ecology,2019-01-14 09:18:12
vitalikdobriy,я из станицы,2019-02-21 09:14:08
arcadian99,crying,2019-02-21 12:23:16
WaldemarXXIII,im ayrogh vshdits,2019-01-01 14:34:18
PeterK52,heart,2019-01-01 00:44:38
flamingspinach,tough cookie (subway boss),2019-02-21 23:46:57
Silentix,"you know, you know - remastered",2019-01-01 17:54:41
hellonurse,all the stars,2019-02-23 20:49:08
alsk,we all stand,2019-01-01 03:27:20
toby3d,for the damaged coda,2019-01-17 04:58:26
mnmontero,viaje al infinito,2019-02-27 15:44:39
gobinathm,nalam nalam ariya aaval,2019-02-08 19:24:13
BlackGauna,older gods,2019-01-06 20:34:51
Shikv,forecast for today,2019-02-22 19:22:40
miketwiss,trapical,2019-02-24 21:38:07
PPV,новый баланс,2019-01-09 06:36:02
Mexikola,still clean,2019-02-23 12:55:40
zebedeemcdougal,something about you,2019-01-02 12:44:23
uncoolusername532252,structure,2019-02-23 20:37:50
TRFFT,dj cam quartet - raise up_1545697991072.mp3,2019-03-07 21:14:24
verfyjd,the magic number,2019-03-03 11:20:07
lostmochiguman,cherry-coloured funk,2019-01-02 04:03:20
Groschi,staring at the rude boys,2019-01-25 16:32:17
elwillow,beethoven - für elise,2019-02-24 17:34:14
TheBrightLord,foot fungus,2019-02-24 18:37:38
Jaklie,false confidence,2019-01-03 23:41:08
SadGen,clear,2019-02-25 00:25:21
Wolfynight,brainless,2019-01-01 01:39:41
JVTV,dreams,2019-02-26 15:37:10
CraxorAdam,prophecy,2019-02-25 17:33:36
shogazefan,"pange linqua gloriosi, buxwv 91",2019-02-25 18:27:21
lee_cz,location,2019-01-01 12:13:39
soubrunoalmeida,quando a chuva passar,2019-01-01 21:54:32
calexzander,the reason is?,2019-02-27 23:07:31
roman_rem,deep space,2019-02-26 10:54:33
bonedriven,everything zen (the lhasa fever mix),2019-02-26 11:02:33
gvroon,the bossa nova watusi twist,2019-02-26 14:06:05
dertasiu,fata morgana,2019-01-01 00:38:31
supadood,down to earth (sean glass remix),2019-02-26 19:55:11
psyflac,earth,2019-01-05 14:02:56
meisterhauns,meine lieblingsperson,2019-02-26 23:02:01
iknowzo,tenere taqhim tossam (feat. tunde adebimpe & kyp malone),2019-02-27 01:13:50
bojarin3,marionette,2019-02-27 03:30:43
deromemont,hold up,2019-02-27 09:43:53
whatisbetter,need you now,2019-01-01 08:13:39
InvincibleAsia,love hurts,2019-01-01 09:49:09
Zastai,protection,2019-01-07 08:10:41
kori,four teeth,2019-01-02 16:27:21
intrnl,harmony ribbon,2019-01-06 15:09:52
Paszt,poison love,2019-01-01 02:38:40
AscendedGravity,anarchy in the u.k.  ((album version)),2019-01-01 23:05:57
†AtzzkiySotona†,meridian,2019-01-09 02:46:38
thing-fish,i hold nothing,2019-01-02 17:54:47
cirfis,mmmbop,2019-01-13 07:10:57
Tinymeat,a deep sea meditation experience,2019-01-01 13:58:56
Dazzel,the departure,2019-01-03 10:26:56
drpfenderson,the court of the crimson king,2019-01-01 06:48:13
kingjan1999,erzähl deinen mädels ich bin wieder in der stadt,2019-03-24 15:26:13
kirijin,love is a suicide,2019-02-04 08:34:16
lunt,intro,2019-01-02 08:26:48
zergut,crave you (adventure club remix),2019-01-02 13:35:22
jck2,just am,2019-01-02 15:42:05
meashishsaini,bambi,2019-01-04 12:05:16
Dreamkeeper,jenkins: the eternal knot,2019-01-09 14:30:03
maeve1916,our house,2019-01-01 19:40:04
cimualte,エバーグリーン,2019-01-02 07:41:41
LordCatzorz,learn to fly,2019-01-03 12:24:17
rmcknt,cocaine blues,2019-01-03 14:19:56
untotooku,nine nocturnes: nocturne three,2019-03-19 23:44:08
DJ.Xcite,top 20,2019-01-02 00:27:26
RScholar,just give me a reason,2019-01-02 22:30:22
IICUX,no one knows,2019-01-09 14:31:47
j-ha,par avion,2019-02-27 09:02:58
anoubis,helpless,2019-01-03 14:30:56
Boris_Neo,keep you close,2019-01-22 16:48:27
papabean,audience of one,2019-01-01 02:16:06
martik,this lullaby,2019-01-10 09:05:59
